Record,Kurtosis_IMF1,Kurtosis_IMF2,Kurtosis_IMF3,Kurtosis_IMF4,Kurtosis_IMF5,Kurtosis_IMF6
a0001,15.4283816342548,5.92826685701667,1.50197339941229,0.404807561387321,0.0501015526591098,-0.500683028034005
a0002,13.2865359162838,3.91323177902939,2.98090287063935,3.90259853538359,1.98664398286111,0.577776063280928
a0003,13.6237391902745,8.37576992613692,2.72566880677106,1.94292803851695,0.660274792512319,0.0292500839103162
a0004,17.3291235456636,10.0027986094557,0.747334050015512,1.3283511852079,0.289884753865217,-0.245310523029249
a0005,11.745861257894,11.2430553148633,3.2810409858315,0.535910512531403,0.135152003008009,-0.115310507957776
a0007,17.1714298106952,6.09376084233523,3.57544926309461,0.752053350648728,-0.242109855890607,-0.315016986330891
a0009,10.6913262271946,3.37124897159137,12.0384754951823,2.21311303656312,3.4961258125882,0.959952411542033
a0010,15.8121959289537,10.2005668007615,3.38456729642783,2.47408602888623,1.12736724007967,0.720926563987632
a0011,27.9312187377089,11.0462049420744,8.69303566239051,4.52404288261017,0.830987810741553,0.120010614556406
a0012,24.7075935097524,15.4157373256099,3.15613344050678,3.23791763257591,1.58674989113806,2.58255337576955
a0013,12.730484732035,5.44930595362899,5.33528119173165,1.20447344550629,0.972772263058335,-0.191866436885019
a0014,30.1701092416111,5.89795435675905,17.0807272712,21.6508911767027,11.4340088093546,6.46239393735252
a0015,7.09145412375162,1.75098993781939,1.48982189624031,4.26659031052001,1.17542024618804,-0.379304695032628
a0016,8.32748538774034,4.67430931407875,1.35143246086839,1.39189005813524,0.848679379938841,-0.431956985214459
a0017,32.2782771078259,7.52702000517447,3.73000395867876,2.11978064519519,3.39782562817314,0.423427905852515
a0018,16.8200363751724,14.8188954238469,7.23708244628441,12.4737314499949,4.06091714104712,-0.964703961057457
a0019,24.8822968025159,5.70218244245009,0.92388642188048,0.258772170413755,-0.127993290150745,-0.331845241305789
a0020,12.1427454566027,3.35971835765787,0.952001615061063,2.00674777684271,-0.0138025920476159,-0.243269717963438
a0021,25.7134390077373,6.59841150906258,6.67802370669805,2.44689358117162,0.141253421634267,0.654942282859491
a0022,23.6887521596329,10.510378492635,3.66210511286233,2.20858438554719,1.58199519476981,0.317307751345262
a0023,10.0457559103555,4.17902350340385,1.74463684735074,1.12342396531064,0.636877145820105,1.36279200937825
a0024,11.0968753305204,11.904483617402,2.67171905236964,2.00049283318738,1.01923845831303,1.54141414639126
a0025,15.7659337855552,6.55022379077781,1.36047602936891,1.02214514244433,0.486496556247476,0.119282426522592
a0026,16.6546082536103,5.21591620572803,1.76715483769533,0.956598339034894,1.29601625259802,0.1067592808636
a0027,28.6659744168405,9.0765448640698,3.57503643603696,4.45161009983473,11.8014210257848,-0.874420307063727
a0028,39.7197018527345,12.6883537588546,2.42154495470433,1.19727158903992,2.07354707914256,0.321930439072142
a0029,12.9028444776591,5.71891453557518,1.14337388611454,1.88311641048668,2.59485562055534,-0.188837880544573
a0030,14.7964151464217,6.05934774158088,3.33413423774958,1.52836773630802,0.921415806354994,2.80844629409546
a0031,25.9812960279317,8.85894182608289,4.87178439402819,3.82056044672036,0.966704990611609,1.62950522196649
a0032,29.0295767378983,5.05412996372499,2.19850355554347,0.947652767745773,2.17648749721985,-0.242487847957898
a0033,30.2356488356268,21.0681819772011,5.21309575817825,2.57649795952725,0.0922055153337822,-0.126941403630537
a0034,11.2772803817837,4.17373477608549,1.29532989115203,0.925178152673076,-0.0599859896082244,0.470980240702099
a0035,11.5672738625294,3.01136388733002,0.847196639236983,6.48146283921803,0.280011199506074,1.2367801068078
a0036,17.7168362208997,8.2533247930374,2.79217556243557,3.06297538648655,1.0113876730308,0.506750069809356
a0037,34.9592250190274,8.6367682373742,1.8935687406321,1.55811601954725,0.342020203951658,0.546072206021246
a0038,9.43552465387883,3.95815271002644,5.07960556486912,1.39365113451727,0.1536975429026,0.238800073961688
a0039,14.052675414538,8.51377460271329,1.19311899955875,0.754803550820387,0.516488473896589,0.099659842463458
a0040,10.4337962072155,1.96762474399952,0.629474750964913,0.272828511898631,0.286376555331917,0.150587498881223
a0041,20.2179732691307,7.30551135578117,2.12962192338206,2.96689127414793,2.32653507477679,5.73746466167755
a0042,12.554496256926,3.08728839353072,1.39533909228192,0.797819179405515,0.724120448679019,-0.463746352700452
a0043,15.1708939793311,9.63408286729909,3.58276736408698,2.22921462972241,-0.252687383026376,-0.451518857746716
a0044,12.3023825406114,3.13657299505966,0.749636048811545,0.49928167871584,0.514666085982155,0.270795362076961
a0045,52.5094528427213,10.6050340226556,4.14008857693671,2.41678525026299,0.328089482075874,1.80738047055705
a0046,13.033500303204,3.73104867553319,1.24519660063088,0.308043162146491,0.75998183277471,-0.366574196044724
a0047,1.42227727265451,0.932566603188098,1.22250340278951,1.69170182312408,1.55434319240612,1.52737502252527
a0048,28.8934993516659,9.76218888258005,3.3315308129551,0.593758196172606,0.460280424437133,-0.293620819587613
a0049,17.4464630836413,3.67304594206404,2.35063731666715,0.327267463454071,2.05255418302008,0.0539915757012475
a0050,9.61139383360205,4.57463129587864,1.98714797655524,0.149156528316644,1.67782824729299,-0.433939253669303
a0052,19.0557488040536,6.51779510366341,4.90796220651315,2.97650339127941,1.45929673724011,-0.902624515377271
a0053,11.7387321713341,2.32755523110458,1.98759376550736,1.11892178604105,0.182281037023842,-0.283540713649943
a0054,25.6508959865841,6.5421863691251,4.55788417897545,1.93404132300704,0.550633745159052,0.766428320045868
a0055,8.54294834241206,7.36027545859994,2.85489313560897,1.88515755022737,-0.248919959730511,-0.0781976028537983
a0056,130.37407562552,55.8026154987038,9.17768969932207,8.13122302318369,10.0047877273256,3.66342262828544
a0057,22.1785780731711,11.1703641003946,5.9133941503116,1.97435285532998,0.846139266598053,0.00898621902595442
a0058,10.6966184873469,4.05697452449095,0.873694294184006,0.315181633114518,2.3890820236844,0.766474003241702
a0059,15.2806574379462,11.9538899126318,2.5264629484641,1.78008139168987,0.710006119744864,0.656409468979492
a0060,76.6209512671505,7.97831576502124,8.97808031987666,2.24072903350354,3.7771700218252,0.832387612522783
a0061,11.5109664421917,7.03822128191083,4.26363827281906,2.41267309818933,2.01722332704044,0.151856006628017
a0062,15.888904311398,10.9244906347964,5.4461707125326,1.94199122177218,0.642763410974024,0.35480087877667
a0063,16.1236802674215,6.72936938942536,1.94783154787254,1.10068291381488,0.637229341967972,0.0351782669359499
a0064,13.1653875614121,5.76315982825832,3.93012943361417,4.46811083003154,1.82465178238471,4.63970225780589
a0065,20.7924721922669,4.07830365497004,1.74740495253451,1.39265622195827,1.32035999862502,-0.292952561704214
a0066,19.3479582092935,3.68895048723352,3.05222972380323,4.03567736619558,2.43661906998195,0.210734852428695
a0067,25.548784810159,8.17394989557743,1.31803387020956,1.70669602024143,1.64311145051325,0.321800950131842
a0068,10.3164644000604,5.6590486361073,3.10797607784834,1.1358992055217,-0.244011474763716,-0.386717076175295
a0069,9.34176561499143,3.9445035108389,3.65621079485065,2.73160125636563,0.227889090979108,-0.0421202593708387
a0070,18.8348329481423,3.34086939152284,1.90669599042847,2.757164770159,1.05965876294503,0.123143496264581
a0071,18.9490957892603,9.81627826100997,0.892215687205964,1.49702825313841,7.0356693220052,9.05785500295915
a0072,17.1816432227131,11.5785198279509,4.88862310480933,0.487864691528646,0.328909083785863,0.092620758246801
a0073,7.18537516186806,1.84584879122109,1.65032009650715,1.05526142753284,0.342192443480351,-0.739309723509959
a0075,215.709766089046,120.673449765726,80.512253609949,33.4803458588229,13.0079917780868,15.5788027283594
a0076,22.5917209619949,7.88674985494898,3.72203155566042,1.84623705876835,1.95980792277369,1.01996980028956
a0077,17.0757428697047,3.83910047092203,5.99962915712507,1.78802590745796,1.8842131976108,0.0116369457147241
a0078,15.0309098832976,5.02424601771889,2.8444710768997,4.2381527679291,2.35287189464649,3.00685865035838
a0079,8.40740352189331,3.48134750390374,2.94981707719706,1.66786502516896,0.221181299506913,0.168148722268302
a0080,16.1154639973428,17.4890277386177,7.73987599608397,3.33591992680903,1.4012495332443,1.05857119654105
a0081,16.6861824651963,19.4189228190546,7.67558219927791,9.07304787210086,1.20355422330995,1.92652495714447
a0082,22.1247632092741,5.69371145760467,4.37418173504868,2.53181914912756,1.76687060033434,1.47409911576902
a0083,10.4940099562295,9.97150038483534,4.47360609808132,5.05079305347333,4.39136242903427,0.0806077745503671
a0084,12.0789356453228,5.79114975408394,2.68086223602597,1.31249663698159,1.80004078069139,1.48146849706573
a0085,13.8779391581684,5.38588396947819,3.90179922859605,7.6733569097612,1.06750921397685,0.80670818446095
a0086,13.8806035825622,5.13488962800333,5.45538189558486,1.46284782109275,0.462798161451835,-0.539202363782274
a0087,8.8203165746979,3.969861483777,2.82136921289006,3.63384265725726,1.22803552496937,-0.733028132139763
a0088,22.9811434834621,5.65110600832364,2.84133865401201,1.3685482865351,0.0920718696411953,3.02622418745402
a0090,8.16390766200142,5.95203760571142,1.93642685798994,0.941253389147712,0.209203505601819,-0.651052185642047
a0091,22.7145429079512,11.5494927496826,2.15329359143347,0.733819090993269,3.86380577188663,-0.530246747286242
a0092,14.4778966766479,6.5600774959219,1.7090328855614,1.6247752958778,2.13730938263191,0.813178075261018
a0093,10.7508884178108,3.1175781475559,3.20505065802329,0.931250361511153,1.71231765929049,1.00453509281827
a0094,16.6200547791767,10.7168485202763,6.7602936329827,3.40345722961305,1.85066426048867,-0.378061727779037
a0095,19.4786328201068,16.8521351109356,12.6385286842476,3.40602587419005,1.81561881461656,0.245840730471186
a0096,20.1042109423156,7.14466264706193,3.72176983731001,2.44909181441573,0.530594399631821,0.413857307595771
a0097,14.9091560833991,12.6213011740601,3.36365865129881,2.61731233681031,0.410417377661914,0.295215168991173
a0098,16.1066846442896,8.27195369495296,6.62898292075103,3.13276599525318,-0.0816985993917156,-0.565632699656804
a0099,15.6679299767886,8.74616250710755,2.72358302223536,1.0289346837074,-0.183342789008352,0.153815313194953
a0100,18.5909698720184,4.41142357089564,3.555789204087,4.34628030185477,5.39733990430169,0.185517980740429
a0101,4.85192816776035,5.11740878045643,1.59925240646879,0.81454506945162,0.497132279463856,1.66711178310798
a0102,11.0541646551815,5.72475485738354,2.34156070397836,1.54161832145844,0.619076656466438,0.0627197839626237
a0103,16.69339367101,5.84463615269957,0.0233240329171704,0.933356872712284,0.417827531649658,4.21303363676279
a0104,11.1320978490266,3.98283744980002,2.03799186468738,0.301402212296246,5.39343437327777,0.0469811538923839
a0105,6.36605731016109,4.45600233167479,1.69930452848468,4.40173668274391,3.8369194929711,4.05372521356958
a0106,10.3146026625041,3.92428516008217,1.41485030948984,1.05544102848277,2.0172882361407,1.61495947235131
a0107,16.548037015417,8.1814346397592,1.12276830810174,2.53866983278149,0.457625102632643,-0.329130072528193
a0108,13.0359503111176,5.36120906111548,2.65643634880225,5.18302572076461,1.32246610914954,-0.165287862830115
a0109,35.7480864825374,8.12160684832665,4.4197463196043,1.58630035737382,1.59831685647002,-0.18004866837671
a0110,8.46340305446929,1.73327330666441,1.21734230643535,0.338518309574353,0.781288436119397,-0.309004570300211
a0112,17.5232660436129,9.00942109214498,2.7923161862423,1.99818794158603,0.0997941146445873,0.027312867256934
a0113,16.1764752536228,9.46432966275625,3.7496057173976,1.45567626878254,1.33650295421972,0.241363421653469
a0114,17.9533942976052,7.45952916452264,4.29176356226006,2.82601604424426,-0.0827851462776374,-0.281902265899504
a0115,16.449288591609,6.278751705282,2.8614054624184,1.41857141136245,1.42219955538639,1.00235038574595
a0116,5.86021928652976,2.51646989833915,0.415241384786695,1.03982234097477,-0.174982359345004,-0.617777519440631
a0117,12.4549754185317,4.93312659956325,3.92464504249411,1.24957423265286,0.906112540563532,-0.363113790844742
a0118,17.9246405663145,10.8001622247368,5.61643758069862,4.25960127703579,1.62028222864181,0.270640529741954
a0119,8.33830159310844,3.63770339541262,2.46844168464052,0.675469085507377,0.261074319795213,-0.0195806610017097
a0120,11.0840239616142,2.55524880666825,1.02411520322109,0.811744322291715,0.236729115198209,-0.268175769751061
a0121,15.9434148708048,14.6451380027685,2.48067664495777,1.33329430340837,0.785196244309691,1.91701764443339
a0122,14.3819831756834,9.57087038565083,1.95653291036813,1.92012359536716,1.18452434318756,-0.099029511725504
a0123,6.92080023261281,2.11491733585734,0.376385178369846,1.39849750991144,1.17671202307526,-0.420096739696021
a0124,15.4637106473036,16.9129422332349,8.69366361927434,1.49038015802159,2.07227755712284,0.736205266469514
a0125,11.745773561667,5.88943484662193,4.41734880793598,1.5223818328893,1.10212929408151,0.489118016016701
a0126,13.9182852803353,5.28945957656679,1.57404191065076,1.41867552255323,2.32290597870805,3.71668526183981
a0127,24.1512038275516,12.9423314065968,6.17816675945388,5.59816467490571,1.54555034128768,0.108525478026275
a0128,13.2783683042885,7.61447963313267,2.67392770966705,1.21284522327072,0.648462244449049,0.473365343894239
a0129,10.9087150502464,7.61889957436657,3.22681972369711,1.52009021166892,1.17006180232939,0.930591130057195
a0130,12.8324780319882,3.62651716515391,1.20608047546296,1.21812007650124,-0.0872927443204636,-0.0329722806883459
a0131,5.76322928857183,1.55557441843297,1.507759096904,1.80946742106944,0.381204685833207,0.179982236964787
a0132,11.5767735442523,4.34389665493574,4.05467621581086,1.58227252657611,0.309718195895156,0.570382828756398
a0133,5.61572328424076,8.03038298548621,2.86627340097109,2.04421343305893,1.42230049487362,0.812283690937743
a0134,7.4283480607326,1.48494384227834,1.61748794317547,1.03610986087905,0.473112044219316,-0.292084756611478
a0135,18.1448769099864,10.0090760212726,4.27405047787759,1.10798441168973,0.573470632144762,-0.159807487084384
a0136,34.2193865443953,11.2704772653161,5.52191924159411,5.03866500559658,1.05405474715781,2.15606561247088
a0137,3.36276499252851,1.52642180974354,1.75607480316996,1.39542491425531,-0.0200347031095918,0.994860681173948
a0139,9.27191784665015,8.91105306737564,1.37936673877145,1.56782789641368,1.11632117053325,-0.175249341697203
a0140,12.9373134762545,3.64554611658626,2.35238365796099,0.501024751830421,-0.147429765841728,1.55711219685428
a0141,14.1180846548846,11.9479925290042,6.63510001357252,4.24995108172782,1.54904951651778,-0.098792435038384
a0142,24.4011462777515,8.77598933567898,4.65686211292952,2.26901987777969,1.65151226171286,0.410595959480211
a0143,10.5617962568863,13.1862644281862,2.19314893444979,1.60129316443653,0.527565700170431,-0.254663101062146
a0144,12.4555100975959,5.37997639588999,1.89437208629625,0.988556266754996,2.68374962541909,-0.0358077809664357
a0145,17.4808012213262,7.77719757859051,5.46346411384621,1.36704615764168,1.53280578394401,0.905654561410118
a0146,9.93619090973369,3.56593512438015,1.67696262703379,0.434508442590819,-0.198004421224592,0.502524105254121
a0148,15.2326762422282,9.62980490139962,2.99282261376148,1.69202411992559,-0.355531655470777,0.754571858285789
a0149,20.5671603454101,12.5597121920172,2.73409650545432,1.86155443962456,0.934875441006119,-0.502604680841531
a0150,4.46710303553384,1.34910306639315,1.91917193748555,1.422172372217,0.11712306432698,0.892142201089087
a0151,24.7398075855918,10.7438341280651,4.05748505693982,8.88503532493418,1.85956383516013,2.65725693857209
a0152,12.3002953663259,7.49087155646898,4.13243557261542,2.51979256141062,1.37323275930792,1.75617772875532
a0153,21.9135929951583,5.23137261664013,2.15836132127446,1.06384159086984,0.121420785054596,-0.323412526633659
a0154,20.7592928751492,13.1090149817362,4.19511759851843,2.2265701236989,0.0193644523657563,0.131572302047973
a0155,21.9371842116383,2.7163295333786,0.449152323330768,0.559164886564573,0.0574699157471317,0.144467531114872
a0156,9.51269944061611,3.63247567639241,1.20844300855179,0.523742602978391,1.2538897952182,-0.391183824823033
a0157,11.2316340149689,6.71225596487318,2.00329885696494,0.989999967941316,1.10480500279482,-5.15545415451513e-05
a0158,10.9232026314169,0.966274024676567,1.0666463988787,0.580647200114512,0.155973975001584,0.135851442236042
a0159,224.347768948892,43.4462709754839,37.9304232652722,32.7862438324576,17.9236021308073,4.88035919504372
a0160,16.5152919487775,9.52734023215343,2.32805807179785,0.831875593983756,0.011034611619265,0.383712121031893
a0161,7.60504858814751,4.679697447081,8.06130179558127,1.9577116243805,-0.10993813380645,0.0147438865371341
a0162,16.8590905168154,2.35776452449003,0.802189505544584,0.857883311445936,1.10890438121375,-0.312998153455351
a0163,20.8282355973374,13.8931781750986,9.24402989782367,2.14608892394974,0.599656548330018,-0.218744778578384
a0165,30.6040761947449,35.571990135223,15.7307420822635,7.35673682541713,2.50128930628712,0.563840961991841
a0166,10.0186491725472,4.9529284031195,3.77327003697419,1.41636144274911,1.73444608313987,0.00448500541612518
a0167,12.1176737715784,7.5130977311902,2.68816774455235,2.06065391428397,1.07734483151986,1.44054507131001
a0168,9.56591586929896,1.98466125778368,1.61863011562564,0.262758437500323,0.0026759295666805,1.19634844241187
a0169,119.834134400418,45.7027663174903,9.47259857630089,12.236801555082,7.06707737446075,5.97162149351959
a0170,16.4718931192676,4.95414755019359,2.19656923324231,1.66981607542851,0.652759874989802,-0.491326039622422
a0171,11.5137900954523,5.76482859543119,2.39160049712453,1.0160257289734,0.706588513428434,0.574793694568325
a0172,19.7767038586626,2.60916035876974,1.279490716471,0.215232092671589,0.571615357219623,-0.0257199781590498
a0173,8.69970694192437,5.49180549024468,4.01415238169163,0.833941662655238,-0.271607198010023,0.828196128829562
a0174,9.00235016711819,1.1323553206202,1.01148810391333,0.589343323028182,0.262131426509047,-0.35607706384235
a0175,18.7407512119921,8.62959411414356,3.82808853203494,1.97436518188339,0.750982389183992,-0.331043664462242
a0176,10.1012706851183,3.49863038146488,1.2069714282202,1.06585992490431,0.366886581147294,0.417196204993456
a0177,11.0977984736447,8.26916516078847,2.32473033042202,1.70489260079143,1.47865705418783,0.114743020595427
a0178,16.3989885738217,8.48553179934865,2.02239924687598,0.896634764303667,0.385366997092725,-0.330370769007664
a0179,25.8231532746169,3.8098057248302,2.86446337238799,1.0474083448699,-0.37869110937919,0.0563589199627028
a0180,16.3372671196695,10.1276531399468,3.66655066573318,0.227894598888492,2.73686051733782,-0.153950157874626
a0181,13.189291941407,11.060614959033,4.26240145917622,4.60129166073135,0.643180972003563,0.527238618072753
a0182,11.4879595481828,4.23735151137142,1.21448811883383,1.08652680633097,-0.362280880603328,0.403208036444993
a0183,7.92128714596205,6.59935479547891,0.928366606861837,1.10161688598205,-0.0396846908292923,-0.411534881691735
a0184,9.32483471921631,4.85680488712668,4.03860222938489,15.953198246886,3.41822902317756,0.814599649778507
a0185,21.0681671810197,33.325665148448,6.10836930904207,3.04439493152364,2.85686742706386,1.00454106148613
a0186,14.6922208249126,1.1729121851747,0.437607232798784,0.892749531320875,0.498600102987648,0.062233944113482
a0187,24.7810263925249,111.650487537324,57.1836633018778,5.64137066306296,7.11600306984992,0.704211885900551
a0188,7.99387733421234,2.35407929180243,2.06533780982274,0.861017161130518,1.49429425530575,-0.051684155227357
a0189,10.1598774276448,5.68142021386263,4.56558024990327,1.08069136595455,1.96787241191789,0.376756360774162
a0190,8.72149721419514,2.06658143255513,1.01307110478982,0.543267591874311,0.541386264121165,0.694699852163464
a0191,11.6368211935973,6.3636237535492,3.45156078304194,4.03185216469249,2.46613884937039,0.233133177861581
a0192,22.0026971025499,7.71068498852879,7.34653800934961,6.58125403774005,2.62133306432908,4.55331082718318
a0193,8.55768643043826,8.76586008276523,4.23784133186977,1.1421962125174,0.941592552447262,0.749759547320667
a0194,29.4058116971452,15.3705154811985,7.68402447994621,2.09114656698574,1.05646229499569,2.97293853986756
a0195,15.3876451783733,17.4244633891298,1.79703197519356,0.953017838091741,1.00326610794908,0.216593696152029
a0196,12.1181716738663,4.68916193858439,0.939448615767729,0.921460427340872,1.48276261634057,0.749471304948962
a0197,22.4211693034443,15.6693061453886,2.84184480871205,2.77035104561174,1.68559799186337,9.25271267745743
a0198,13.4150539177392,4.0478331642951,1.61457094845321,-0.0574505097640854,0.0559904779560805,1.06234098825639
a0199,13.6816776786506,7.7228609608313,1.89639148062471,2.66740844357021,0.807562386722368,3.17534463788347
a0200,9.04926648460339,4.22961560523572,1.72411630535887,1.4859547692444,0.0718683498372497,0.591240736865827
a0201,7.68300018325264,2.23801283161841,0.558501628183294,1.13768444170908,0.305564010656212,0.832420360047375
a0202,9.56193101054957,3.57445581425446,1.62846141292529,2.30855100513698,0.975829376073057,0.202811974857345
a0203,15.5532729278145,9.19945097414634,9.43478122445475,3.01697596519637,1.51405721140318,1.71924556195272
a0204,16.2897358169814,9.04293308598805,3.21604894281943,1.66173553455636,-0.0275994041670899,-0.111779023949919
a0205,12.010008015422,8.44783738704497,0.839598727221366,1.33340715839499,0.803677693386915,0.253158323382237
a0206,7.51295098590361,1.99006003147615,0.299282478701449,0.295249293717679,0.384182829195531,0.989167626021175
a0207,4.15195624064042,1.70455586520626,2.10989911099332,-0.0532754038143768,-0.198757654725005,0.0389476283070849
a0208,10.0514045097365,7.72823263097507,1.59822887694739,1.22675462586071,0.60694198956809,0.125909258978041
a0209,11.6141911225407,2.31323544632127,2.59850368987774,1.24130096563961,0.368553560639904,0.366295618707802
a0210,5.44420758796683,2.02546252597223,1.13833317606893,0.750653093667566,1.98772260435814,-0.128048395674702
a0211,12.4492472298757,2.04394771898418,1.27912932412762,1.00216374840583,-0.061690715849763,-0.429104198880033
a0212,9.40563397990876,4.0786294462541,1.64847447604685,0.521022887706283,1.7933891236444,4.67519272851048
a0213,9.39133471663601,7.81447396859872,2.79350262407172,1.11015171901555,0.285196930054568,-0.518582294194786
a0214,12.3920411784016,10.035321423452,2.17379641145802,1.49427577233931,0.6772814484864,0.975050265770403
a0215,10.8241657663461,5.3856845606177,3.77269218648913,7.69602629465824,2.47057554786638,1.15958005253486
a0216,256.984102153446,52.6316941628478,10.716189077779,3.01173698459139,0.964272184040371,1.84013408765752
a0217,25.4605832819189,11.5122808417849,3.20022684581316,1.24526207720793,0.371476458498921,0.485588526806793
a0218,12.7450780277749,7.81190697565666,0.734504339208001,1.27038409820917,0.364498046971137,0.183067699450859
a0219,26.207000785654,10.135340711449,2.85256139793775,3.24868216555445,1.13127031094907,0.443327499081513
a0220,13.6981419437897,5.41105063713596,7.38432668325459,1.89738425150816,1.3746882987648,0.564723171795714
a0221,27.6106898629058,4.88016645454157,2.2675217013629,2.11057210132585,1.64643614805895,0.509861040097156
a0222,13.1304541668148,6.39651367842951,0.697429551465842,1.2127930219314,2.50526025189986,-0.292922900661956
a0223,9.27121171790527,3.01852799417231,2.5094398358898,1.27319255572891,0.331040629230684,1.81313769746748
a0224,24.8337879185115,10.3840263241704,6.15439826361463,2.44075625207301,1.08114124065608,1.13276486429556
a0225,18.8629245015927,10.4599953817985,3.71784300838667,1.79242844277537,0.860121950213803,-0.112426457710797
a0226,6.41880139863589,3.89607100191581,1.89382637121708,2.5777790243223,0.46193120640966,3.64026267534815
a0227,8.54892565599939,4.24114183614966,5.67322010401187,1.83079950957783,0.187817051030103,0.568314913588764
a0228,19.4828448098465,3.41737730978772,2.94494189540162,2.80501368354848,0.756397415627014,0.284727309023231
a0229,12.2024851653398,5.06865422542723,1.6507183974802,2.18929936842218,1.0840105785368,-0.695509478004477
a0230,12.340492383715,5.87735389186494,1.7719412456818,0.682553333624031,1.53211946976831,0.563349802678615
a0231,13.1535649018292,3.8219957233127,1.60365633357747,1.73246905743293,1.77280868969696,0.720374521070672
a0232,16.1089327636821,6.7694418993703,1.42297594711243,4.7053739085583,1.17222509272182,0.157683145362274
a0233,11.4421822515685,2.17460036528677,1.69936443397802,0.935281955085796,1.03004990007789,1.33128919193096
a0234,9.28520791472773,1.40052002397978,0.65868479769346,0.660042153542158,0.267442555764545,0.622472751715468
a0235,9.19772362928373,4.80792676138266,1.87114756631282,0.399543462657137,0.296596013078803,-0.0986834674581947
a0236,14.7305510861912,3.23916728216989,3.52352026253811,3.14713517715245,0.325129164409119,0.42132813025225
a0237,8.48529765379354,8.10342914270229,4.87394946890455,1.70510318487468,2.89926377858246,-0.588288477459542
a0238,7.89787140836242,3.40195385317748,0.832833802270848,1.73738478471069,0.306879789429159,-0.401335323140525
a0239,6.31223393075364,1.26235396972267,1.3338787011906,0.732321632411349,0.418943271021619,0.19151669790171
a0240,10.7046605830683,3.53374224416506,1.83540677249065,0.623129516155771,0.486031623700207,1.37548735591529
a0241,21.5713907436112,8.27653463905963,4.49247166249245,1.68600819552736,0.594501494683144,1.28754833591524
a0242,11.6702611100966,3.81569013336624,4.66403035424513,1.74460463411474,0.724979962214611,-0.038366842306516
a0243,16.5529449314198,10.1150029000449,1.79024972715425,1.7379141648975,1.00024584032976,-0.130773439540904
a0244,13.6143323002869,10.654540863537,2.11984078425221,0.697243656103953,0.89010394153677,1.0867601755362
a0245,7.13921698098347,2.98307602620016,1.18832359593902,2.24959570630598,0.49990898146987,1.43787212917593
a0246,12.2321713069705,4.27584391038723,2.79373855238157,3.01440787251783,0.890155892676296,3.06914763505972
a0247,3.64283241415744,0.92244315974734,3.4159613150636,0.40587209570268,-0.246632633587421,0.297512804826853
a0248,10.27075017822,1.40149785023193,2.13469763079808,1.80283136498098,0.942850518330512,-0.503620013572579
a0249,16.8983097883734,10.9505144511888,3.48822407063444,0.448822984741318,0.209899114061659,-0.644494198144707
a0250,14.1255728187561,12.2837038130836,1.56901448420998,1.72455033029927,1.58469200428149,0.332068865290525
a0252,13.9092618432758,2.32887270948681,1.26549399611517,-0.0790322559894547,1.16750985312788,0.814418182770943
a0253,10.3037296511608,28.4343170662537,7.02609999525431,2.33828237676975,0.34844179615594,-0.0220431844918401
a0254,16.0585535742551,8.27358644979009,3.81526068332614,1.38296762940245,0.889669874180075,1.84153547493263
a0255,16.2139814309387,1.89123006973476,0.549994573259035,0.445382508999207,0.313627253611473,-0.0676308151369738
a0256,8.17108682735886,5.77345028530127,1.92398887398911,3.6603106767687,1.35483620768012,-0.0676002976689536
a0257,19.086287295193,7.82382991071295,5.95521409832745,1.95137947290869,0.308812218420236,-0.2528204050043
a0258,35.2601565737217,12.3005606398235,14.4112526656028,4.03865687138396,1.09809823318634,0.581589158349432
a0259,15.7645592791001,10.8009857740638,3.49616665414524,1.85221792671243,1.12904067593942,0.234398508008592
a0260,11.764198429223,1.54055896147069,1.23641044069024,0.983749166366628,-0.341056579198826,-0.063194946174419
a0261,12.8209296132757,5.95774367749539,1.52393510295456,2.01160441223386,1.85203718334742,-0.312694528482282
a0262,32.5519582327616,7.08201806959642,6.5068345279707,2.00974078966673,3.96641979213334,0.573729908908489
a0263,10.2088332542518,5.68825950523532,0.636923368210569,0.377956080086805,1.13719048983985,-0.695701824781853
a0264,15.1856055193629,6.06809474149541,4.66509145119452,1.38405125619164,0.27846229333272,0.159757338453292
a0265,21.5085253522182,9.16499015507556,3.99770280291754,3.08243325906828,2.94739463815723,1.48487275192341
a0266,13.7930013887294,5.61148726994696,1.36707185192138,0.734546515197402,1.85668893390764,-0.625517989495519
a0267,14.1069254890948,14.2047947894747,5.47923618776201,6.32728429972265,3.43052388601982,1.44116400975212
a0268,20.9952782465942,7.92685918977991,4.77780146993126,1.72061064645441,3.60296179196591,1.06541495142286
a0269,12.1941816410848,4.98567782404328,0.782376679114748,1.10143389979726,1.87306318331329,-0.00121801657276688
a0270,16.4512762412246,11.6566284738531,2.69950350996295,0.494998944031622,-0.133627469736807,-0.542076919980118
a0271,15.2141097434549,7.08552414767294,1.17203296564207,2.15961260220891,0.152560653082424,0.175532645231311
a0272,14.5163807049179,4.31829133916373,3.50494818182869,1.91871251007621,0.966858678343476,10.3937785046207
a0273,11.836191265647,2.2933920414175,2.1148103654295,1.06617153023497,0.764796482963947,0.124880684672922
a0274,12.0882846773047,10.7066967225784,2.09089848187022,0.785274702668382,1.22907025029532,7.53163498589561
a0275,12.5548459973961,4.50855144992588,3.94892016183059,3.08689498219014,1.245065287342,2.12856835767033
a0276,22.2744490692118,5.36109303480029,1.59278932081604,1.32828948422095,1.00078999877414,0.708532883374206
a0277,17.7187408770274,9.49019544436275,3.54873169492148,1.79036581213001,0.295810360813338,-0.0955464299919906
a0278,14.1122446203022,6.90712590016046,2.48564044806796,0.890095630170542,0.818671045259099,-0.444560201480845
a0279,25.1854643790623,11.4436151528052,3.38879021069858,2.45179575164519,0.732065053747014,0.97824578720954
a0280,23.6470524627781,10.7899505859181,8.4452151615284,3.78216673822184,2.74978964304517,1.60590630255048
a0281,7.42621744259914,3.9825693701495,1.86056208776221,2.48478399628227,1.23541730786303,2.02301483669283
a0282,8.10703887250262,3.48222631915011,2.63503921364475,1.56326407050824,-0.249451353447251,-0.202989308304845
a0283,34.2461477204803,11.6955152894034,6.32500321640834,1.88318594876761,0.350233966982929,0.364488031011931
a0284,56.9644279051219,38.802561972957,12.7652964714027,4.35759863227728,12.722981670174,0.648087343123066
a0285,8.62836849509555,4.80139045848048,0.999671882507639,0.564569020409396,0.665852180570414,0.74341415056894
a0286,44.8950048795653,25.8355983720508,4.03220935219391,11.430232685636,11.7006831988326,22.2732102827774
a0287,13.4094743200866,4.40248641499619,0.873206872783397,1.20052891879668,1.14239130649254,0.31242557300732
a0288,24.1159145225061,24.0621526285059,5.63105436810825,5.04258346430692,2.00231055379831,0.381383588885729
a0289,24.0003089992974,19.6316955373423,9.24033707794642,4.02268906045057,0.361901590362236,-0.084455870789625
a0290,7.15669297261335,2.52477593815382,4.39593776120272,0.494387990561483,1.04567797580047,-0.0220297829550704
a0291,15.1415369413146,5.59718002447064,5.14353785076744,2.0775908720847,0.445885903751996,0.653841123658679
a0292,13.3950902038836,4.04658441620969,2.94424465386794,0.879887684525576,1.60498514789703,0.357014333907056
a0293,16.1183512974431,4.41461104404031,2.54310232459908,1.26776174440149,1.15306714991437,1.13684002816211
a0294,10.8125057501056,6.65227140354645,1.96395806258478,0.21365899782512,1.7526434946251,-0.982394473362606
a0295,18.6532355162688,5.81124969320264,1.11380596407449,2.52967621293521,2.59260175705695,-0.370476945989423
a0296,14.1912574582899,4.20845927675264,1.41253260837404,-0.167512263911263,0.343622131397888,-0.840910111423264
a0297,25.8643128953311,8.28108176615017,3.09193997263544,2.06054332421017,1.26553503408385,-0.311323198990132
a0298,10.8677628774049,7.33511804568026,1.19220121045287,1.11370769998464,0.281318607228839,0.0133484861569095
a0299,26.5853707608587,8.19212722464971,1.95169919072611,3.71212572891627,0.645089088571584,0.603186795187609
a0300,10.6954253244463,3.35263152057132,1.50694136679541,3.04329323135824,1.36776138514748,-0.128171863235996
a0301,6.86978704246419,3.96905275776874,5.13274220662807,0.967510075900653,8.36076760072328,4.15648136435732
a0302,17.1893335530137,4.56159251637502,3.64438404814055,1.05593086502102,1.53149948148345,0.491443018586514
a0303,41.3399635974823,13.0703060032704,11.1689472331835,7.2897935351017,13.5570081519618,8.14875020909439
a0304,103.266749308076,25.1893483003874,5.6512855532709,4.27613249747454,0.169383367333633,6.95834650585339
a0305,25.5971550571186,10.9681617699849,4.30536600111522,2.22276903898746,2.11359367073137,-0.618585547933395
a0306,14.3106464872406,9.35379468835296,2.8767786099903,1.97895076968152,0.915403080363917,0.184342408022006
a0307,10.988192625072,2.64775113716025,0.771812046910827,0.702219361598693,0.156743092483937,0.96827486844582
a0308,6.62587971601343,3.45471755553434,1.7039101711667,1.86861272560531,2.42487527746111,1.0678732131754
a0309,9.67412015568107,1.42945283376511,1.89084677920826,0.792287707460059,0.601410796069158,0.079534264928117
a0310,27.9780811475609,12.0818460320833,7.90241584344978,1.9194809735115,2.07408686775242,0.383193487036704
a0311,14.6006034923678,12.5638235134267,8.14663343598566,2.40986502256473,0.741073453200752,-0.277623349567508
a0312,10.2685222437261,3.58656234833876,1.11196806323361,1.00815020580131,0.392538131684518,-0.799512220166477
a0313,15.2497366169654,6.37854904344549,0.754281188542338,1.04099362917907,1.63767354348764,0.705125651698752
a0316,5.98541691234091,2.31698772257203,0.826393788861941,1.11942466989652,0.289208737839886,0.387284849142095
a0317,10.9741832896988,4.25119613425379,2.44378295672843,0.856940665513187,0.902724014407301,0.687718967618021
a0319,6.29236592247146,1.45101382252351,0.66145505074672,1.53953573840548,-0.213956943835483,-0.128373949131777
a0320,6.72032237682057,2.91225712900575,2.34562675564606,1.18954482217707,0.727446534765847,0.244873106217221
a0321,10.5798236437051,4.03305580589906,3.1649234047418,2.00133508337477,3.13362056846311,0.490045063377539
a0322,18.0973105547916,5.02012401118581,2.953723977865,2.6042069922945,1.11718206210795,-0.292952358123768
a0323,4.68125068878024,2.14928320270548,2.89441930157037,1.61491762982003,2.44132125482837,-0.399356165640782
a0324,11.6434290095669,1.90020926528036,1.3638473487427,0.813022886361825,0.629722098754954,0.18915153957255
a0325,17.8491451437768,10.7447217673363,3.13254225273591,5.65497507307443,5.03108237896908,1.25694154746594
a0326,26.6241947550522,18.2280480809976,20.949698406931,68.4238419021196,26.6084598641344,6.62145555777767
a0327,22.3483574004009,7.64740540459398,1.57317250981329,1.6362938824162,0.483870690436943,0.146085001287339
a0328,10.9393524645578,5.01940528804743,2.8657333880254,1.79617155089145,0.524124949698312,0.350385721721697
a0329,9.73989250626662,3.86045108712307,1.42094406786383,1.32965065214603,2.4192102866836,-0.189100259322628
a0331,27.6761214518204,7.8738000717579,2.75863958878014,4.77348306324473,0.822228224889598,-0.196566868762407
a0332,2.09084964839327,0.894576910624798,0.955444991776338,0.794632979145991,0.0877215152573201,0.222598851543201
a0333,18.0950664592535,7.45712032094284,3.79118023002134,2.54885671021408,1.36215899076752,0.101396290187907
a0334,44.8904329572544,5.76178624082282,4.78813766366777,7.83981834483741,5.96278799124857,4.52221615773214
a0335,12.6185225412526,5.61383827769853,3.83703418767813,2.33437748814853,1.98652062848622,1.06148420420701
a0336,8.66226206950003,2.30956411004884,2.64151749659087,0.878796988227366,0.227562787217257,-0.699258611657031
a0337,27.0537590949799,23.1954064484835,9.76345091043227,6.12466272213184,9.98475742975855,0.783013785757513
a0338,13.4386444524438,4.22862558505047,0.735664833167008,0.881839172109734,1.35586935763787,3.63151268514204
a0339,20.0597656186685,7.48017031604009,7.403019093676,2.81678939588902,0.846969799097747,1.14793374768315
a0340,4.55762782017543,2.88195311145554,1.67122311777715,0.691700495005725,0.0466281149942915,-0.284747955574132
a0341,9.38888956099925,7.32048435674113,2.72946876654392,4.54684393661919,0.0029152513107138,-0.478794493366233
a0342,15.8973752557618,4.29995516331427,4.89198393229768,0.515729145979058,0.476266723421279,0.572325255674544
a0343,17.7965824669721,6.53897695181226,3.54485461308989,4.12751593235378,0.896845638191318,1.59388620013902
a0344,16.6423449433603,12.2205765266112,4.64746811084306,1.32611500710118,1.14225399575046,0.914805437994906
a0345,20.6192267738495,10.9495282551648,2.99344275247324,1.02009061623878,0.443775313767504,0.168573973631528
a0346,13.5267474838517,3.13492903663069,1.52453653320515,0.296670352196066,0.558788361526449,-0.0970683101142424
a0347,6.71819121320648,3.49831397450436,0.762493739688363,0.745207980643234,0.12112157717123,-0.036860974463373
a0348,10.8389359425148,1.14263923460322,1.50191838241794,0.568773503088574,0.0744699623333158,0.254065908987319
a0349,10.3243808669193,7.24252595118092,1.38086316953371,0.55576327627807,0.396845311414823,-0.632610847519524
a0350,14.5869573562857,4.04359906483736,2.05954704572731,1.33344718317466,0.0676528291902123,2.65927074384638
a0351,6.1595279150097,2.9713152438116,0.515282444400479,1.0736953578347,2.26083333243902,-0.291996873430382
a0352,64.3449769559393,61.6715541164212,16.6163091174167,17.3015153999832,5.32736539587742,6.42829243375565
a0353,18.8810647923765,4.64494883411005,4.37060454374417,8.82783356134634,4.83847956706393,1.02247863393025
a0354,24.7008366660868,7.27775577592585,2.26207537816446,1.13301013199771,0.779622862745626,1.44764658763688
a0355,6.88553119332497,2.9589021250013,3.14726992581576,1.95938964895068,0.0590606847694342,0.213244315618025
a0356,12.9622447834192,6.71714914378182,2.2432301606183,1.30760153005158,0.420622139237499,0.491016800125833
a0357,9.96442668142051,5.81683904321397,1.38648468229833,0.945580224942832,0.3658373123605,-0.580425930515685
a0358,16.4464914632124,8.51405937725123,1.74079466121855,0.535226550229305,0.706246627024038,-0.040118189496348
a0359,7.51926816685728,7.27390045866457,1.87528075732263,0.378531804252254,0.612523094046098,-0.439603551010602
a0360,51.8957362525543,9.95535038523916,9.48638389115621,2.01660895028645,0.895481476270661,-0.304359246705058
a0361,32.1216049880243,10.8066061969728,6.13613370154661,2.33911391340725,0.409239261997886,-0.562870723320289
a0362,27.1944934123796,8.52917273335838,1.67305263124454,2.9930915538416,0.574657753948548,0.239788000525477
a0363,14.0451614042562,9.0404403059307,3.63517050155368,1.33789463238388,1.25501102693681,0.501857801165654
a0364,13.981242748537,4.7793840410004,1.50897194445993,0.335035036809253,0.350376758863907,-0.366688660004978
a0365,11.166699531973,8.05256888938272,2.08130447147109,2.47374236364743,0.850227299750376,0.760948145260155
a0366,20.0423774304046,6.51825660993545,12.6766466989195,3.45999699508354,0.818511827477281,1.71872272697039
a0367,29.486127520979,6.07751549522786,1.80366467267944,3.44479810348331,0.117600062486528,-0.403257960034452
a0368,15.4534664652477,3.13963130327809,2.08307935232424,0.84749520652688,1.18178918462889,0.446122202176533
a0369,7.86607889340496,4.45279973863278,4.90148607459208,1.08780359117031,0.71860320820858,0.150992413258784
a0370,10.1978353617167,1.8732256714389,0.91182566325134,1.40359400982952,0.896319743039246,-0.330718590974474
a0371,11.9687779808805,7.68429993644519,2.80366778782427,0.296781449394586,-0.376876081869491,-0.728676400016869
a0372,15.0755680817056,5.4910381342011,4.26284985751271,2.54007346887611,0.826358859110726,-0.243837080400897
a0373,8.55446196621256,3.55013644202166,1.513176277699,0.306161976073362,-0.196694931469877,-0.358949333351182
a0374,1.48023530958595,2.45141913601787,3.6791535539608,1.43887509346338,0.8299133160659,-0.228002523927572
a0375,22.0865839636077,3.30466600232951,1.63392746285718,1.2645471854286,0.628496739540451,0.278313102940471
a0376,11.9057673903476,4.16537489740526,2.50502990164633,3.70424866174176,0.475335988770822,-0.160797743724876
a0377,8.0236801341237,2.50831463080913,1.11865197638727,0.572759681606901,0.33174255502408,0.116239716041788
a0378,10.5639128635782,8.3704101537484,5.29027362525404,1.0598354138369,0.738682471622341,1.01109760304378
a0380,20.3239767491268,8.01763287358489,3.94035583649421,3.90049851018563,1.49732138020541,1.00033254697985
a0381,9.61491483518213,3.52027824127624,1.98720711613669,1.75474114721828,3.35500550042743,-0.049803520884586
a0382,10.2298798626643,5.61957519116574,7.17706885097731,2.04655471199569,0.488908992270473,-0.765475867478479
a0383,11.6985607668385,5.84611099445303,1.87286132847412,0.962258730297694,-0.336736424445272,-0.0373585326092729
a0384,34.268573575791,12.3014448603025,17.4451834866317,5.95380912819306,2.36837805779793,0.951866527415036
a0385,11.5833664978402,5.58894297438243,1.43160727632614,1.69118883266765,2.65426725244364,-1.03127487486452
a0386,14.3785674000793,2.00284660182252,4.31306456166885,0.740716024834108,0.721853620742589,-0.347481460939998
a0387,11.6735803001574,3.45912481624755,1.64154158453291,1.90744459701874,1.88266428572562,0.162953695821987
a0388,47.1327538793684,31.6777551192546,2.89227269776207,7.38223827886489,1.5170275339649,0.778992580670161
a0389,10.839923812282,9.12353699446732,2.53350958880139,3.053672958706,0.633698209774888,-0.191298943315666
a0390,18.1948604389422,5.45478401229959,4.87986773393085,1.03484871382366,-0.319350433904563,10.6429183871328
a0391,10.6930643696969,3.38174592472305,1.33487536656013,1.09998096902676,0.0824912809187373,-0.595926332763082
a0392,15.7208361943388,5.94262689454901,0.92179746874673,0.826305290526678,-0.00573741637180181,0.0967400796060156
a0393,18.6306796916421,11.6388625011537,7.02085614112977,21.1636857209898,2.00300244768229,4.22924805832189
a0394,23.3368716038466,18.4556622221415,2.78254136479426,1.7042890892627,0.763271921680446,0.53453328593257
a0396,11.5360630738357,5.84007383506876,2.02739576166919,0.609716596444229,0.861564412263001,-0.0569418252703415
a0397,10.6198619033627,10.2762443762103,1.82194122194698,0.978678150584587,0.195651612717907,0.300684364097506
a0398,4.07787011609463,1.85646209582637,3.0985573476212,0.831116124971855,0.205433411833157,0.579817290541369
a0399,17.5079746796419,9.34771300276398,1.69613138123489,1.34354118124104,-0.00923479059630283,1.49608366816207
a0400,9.52786467264658,6.43650091824102,6.64376234087547,2.03691238019103,0.608882117861663,0.149348801229896
a0401,22.9561243215789,8.80889647439424,4.67947937550177,1.32739202172145,0.675550572880256,0.267382486354586
a0402,51.2518654145096,43.4104543166192,17.2538338727108,8.2733456431457,5.15213337477901,3.36719094583037
a0404,31.6148819388705,10.024111669293,3.76921519725541,2.31063712327095,0.527987936202595,0.0419935308784001
a0405,9.78309084697795,9.74802835913037,1.65353764051067,1.26586536235467,-0.275556176787796,0.284251427931053
a0406,25.0760362970751,5.53625357525848,1.92251536304142,1.17462253467614,0.753076382760213,0.128810158438641
a0407,13.1872731794315,6.75322163255647,2.94954445717443,1.0536183297433,0.423686130855831,-0.229106486058757
a0408,15.49481513021,9.31908870122526,1.67086327483883,1.90626364138539,0.653668072337164,-0.0620861509824175
a0409,15.0766085030882,11.9961343980318,5.33370362151777,1.97575135732059,0.472820237277353,-0.0630658745140522
